id,calendar_id,summary,description,location,start,end,all_day,status,creator,organizer,recurrence,visibility
evt_westsurvey_20261005,clark.jessup@nps.gov,West section field survey - Glacier NP,"Personal monitoring walk west ridge connector and upper bench. Camera + notebook. Quick impressions on return: Segment A - minor wear no big deal. Segment B - hard to say in the field need to check the photo. Segment C - appears stable some surface wear at most nothing that looked like it needed action. All three segments walked. Logged photos on return.",West section trailhead Glacier National Park,2026-10-05T08:30:00-06:00,2026-10-05T12:30:00-06:00,false,confirmed,clark.jessup@nps.gov,clark.jessup@nps.gov,,private
evt_eosbrief_20261008,clark.jessup@nps.gov,End-of-season transition briefing prep deadline,Field documentation must be finalized before this. Condition log entries due. Personal prep complete before arriving.,Glacier NP visitor center,2026-10-08T09:00:00-06:00,2026-10-08T11:00:00-06:00,false,confirmed,clark.jessup@nps.gov,clark.jessup@nps.gov,,default
evt_monweekscan_20261005,clark.jessup@nps.gov,Monday week scan,Check shift schedule and flag appointment conflicts.,,2026-10-05T06:30:00-06:00,2026-10-05T07:00:00-06:00,false,confirmed,clark.jessup@nps.gov,clark.jessup@nps.gov,RRULE:FREQ=WEEKLY;BYDAY=MO,private
evt_tue_run_20261006,clark.jessup@nps.gov,Morning run - riverside trail,Check conditions night before. Layers if below 40F.,Riverside trail Kalispell,2026-10-06T06:00:00-06:00,2026-10-06T06:45:00-06:00,false,confirmed,clark.jessup@nps.gov,clark.jessup@nps.gov,RRULE:FREQ=WEEKLY;BYDAY=TU,private
evt_wed_gym_20261007,clark.jessup@nps.gov,Climbing gym - 5:30 PM,Check gear bag. Shoes chalk harness.,Kalispell climbing gym,2026-10-07T17:00:00-06:00,2026-10-07T18:30:00-06:00,false,confirmed,clark.jessup@nps.gov,clark.jessup@nps.gov,,private
evt_fri_taphouse_20261009,clark.jessup@nps.gov,Friday Tap House check - possible Neil plans,End of shift check. Text Neil by 3 if on.,Montana Tap House Kalispell,2026-10-09T15:30:00-06:00,2026-10-09T16:00:00-06:00,false,tentative,clark.jessup@nps.gov,clark.jessup@nps.gov,,private
evt_neil_hike_20261010,clark.jessup@nps.gov,Day hike with Neil - Avalanche Lake trail,"8 AM start. Check weather Wednesday. Pack lunch. Camera if light is good. Neil driving from his place meeting at trailhead.",Avalanche Lake trailhead Glacier National Park,2026-10-10T08:00:00-06:00,2026-10-10T15:00:00-06:00,false,confirmed,clark.jessup@nps.gov,clark.jessup@nps.gov,,private
evt_physical_oct_20261015,clark.jessup@nps.gov,Annual physical - Dr. Alvarado reminder,Schedule or confirm before end of October. Call 406-555-0700.,Flathead Valley Family Practice,2026-10-15T00:00:00-06:00,2026-10-16T00:00:00-06:00,true,confirmed,clark.jessup@nps.gov,clark.jessup@nps.gov,,private
evt_glen_call_20261011,clark.jessup@nps.gov,Glen call - every other Sunday,"Glen birthday Oct 5 already passed - make sure that came through. Ask about fishing before freeze.",,2026-10-11T15:00:00-06:00,2026-10-11T15:45:00-06:00,false,confirmed,clark.jessup@nps.gov,clark.jessup@nps.gov,RRULE:FREQ=WEEKLY;INTERVAL=2;BYDAY=SU,private
